Date,total_price,Lag_1,Lag_7,Lag_14,Rolling_Mean_7,Rolling_Mean_14,Rolling_Std_7
2009-12-01,44048.69,,,,,,
2009-12-02,52941.99,44048.69,,,,,
2009-12-03,67479.08,52941.99,,,,,
2009-12-04,34064.41,67479.08,,,,,
2009-12-05,9803.050000000001,34064.41,,,,,
2009-12-06,24580.72,9803.050000000001,,,,,
2009-12-07,33169.63,24580.72,,,38012.51,,18898.10919125597
2009-12-08,44804.340000000004,33169.63,44048.69,,38120.46000000001,,18940.44657765844
2009-12-09,31113.600000000002,44804.340000000004,52941.99,,35002.118571428575,,17859.60554822664
2009-12-10,38806.36,31113.600000000002,67479.08,,30906.015714285717,,11225.461244639146
2009-12-11,39415.88,38806.36,34064.41,,31670.51142857143,,11650.586828900414
2009-12-13,21711.46,39415.88,9803.050000000001,,33371.71285714286,,8318.20566257475
2009-12-14,51398.43,21711.46,24580.72,,37202.81428571429,,9661.736223470845
2009-12-15,46914.58,51398.43,33169.63,,39166.37857142858,38589.444285714286,10092.551758510546
2009-12-16,37174.0,46914.58,44804.340000000004,44048.69,38076.33,38098.395000000004,9789.646980991367
2009-12-17,30345.89,37174.0,31113.600000000002,52941.99,37966.65714285715,36484.38785714286,9884.49142736694
2009-12-18,31680.52,30345.89,38806.36,67479.08,36948.68,33927.34785714286,10147.048024860896
2009-12-20,11423.33,31680.52,39415.88,34064.41,32949.74428571428,32310.127857142856,13852.144903507256
2009-12-21,15568.04,11423.33,21711.46,9803.050000000001,32072.11285714286,32721.912857142856,14842.082413895205
2009-12-22,10702.74,15568.04,51398.43,24580.72,26258.442857142858,31730.628571428573,13953.952320663757
2009-12-23,9507.42,10702.74,46914.58,33169.63,20914.562857142857,30040.470714285715,11706.822107353655
2010-01-04,13450.54,9507.42,37174.0,44804.340000000004,17525.49714285714,27800.91357142857,9427.266122075072
2010-01-05,19136.14,13450.54,30345.89,31113.600000000002,15924.104285714286,26945.380714285715,7675.942537564743
2010-01-06,8740.69,19136.14,31680.52,38806.36,12646.985714285716,24797.832857142854,3689.64372174279
2010-01-07,73035.23,8740.69,11423.33,39415.88,21448.68571428571,27199.215,23038.49705433051
2010-01-08,30317.8,73035.23,15568.04,21711.46,23555.794285714284,27813.95357142857,23085.47136046094
2010-01-10,23248.08,30317.8,10702.74,51398.43,25347.985714285714,25803.214285714286,22398.080127552497
2010-01-11,19685.34,23248.08,9507.42,46914.58,26801.97428571429,23858.268571428573,21511.188621186466
2010-01-12,38903.13,19685.34,13450.54,37174.0,30438.058571428573,23981.777857142857,21023.86273176065
2010-01-13,12409.99,38903.13,19136.14,30345.89,29477.18,22700.64214285714,21767.068798995424
2010-01-14,23843.47,12409.99,8740.69,31680.52,31634.719999999998,22140.852857142858,20049.869174485902
2010-01-15,13507.54,23843.47,73035.23,11423.33,23130.764285714286,22289.725000000002,9312.671568375476
2010-01-17,17548.29,13507.54,30317.8,15568.04,21306.54857142857,22431.17142857143,8912.269692480964
2010-01-18,12132.69,17548.29,23248.08,10702.74,19718.635714285712,22533.31071428571,9480.780317185347
2010-01-19,22011.471,12132.69,19685.34,9507.42,20050.940142857144,23426.457214285714,9520.103062698987
2010-01-20,13366.46,22011.471,38903.13,13450.54,16402.84442857143,23420.4515,4828.926207982261
2010-01-21,27391.96,13366.46,12409.99,19136.14,18543.125857142855,24010.152928571428,5953.476747986062
2010-01-22,29374.48,27391.96,23843.47,8740.69,19333.27014285714,25483.99507142857,7041.75168693136
2010-01-24,15691.72,29374.48,13507.54,73035.23,19645.295857142857,21388.030071428573,6784.269014213739
2010-01-25,18375.19,15691.72,17548.29,30317.8,19763.424428571427,20534.986500000003,6748.776323046359
2010-01-26,38647.22,18375.19,12132.69,23248.08,23551.214428571428,21634.92507142857,8862.035571531014
2010-01-27,23758.02,38647.22,22011.471,19685.34,23800.721428571433,21925.830785714286,8836.008047978907
2010-01-28,18949.43,23758.02,13366.46,38903.13,24598.288571428573,20500.566499999997,7944.16612864736
2010-01-29,25427.991,18949.43,27391.96,12409.99,24317.721571428574,21430.423714285713,7863.326629105796
2010-01-31,18366.19,25427.991,29374.48,23843.47,22745.108714285714,21039.18942857143,7783.846284749505
2010-02-01,16654.131,18366.19,15691.72,13507.54,22882.596,21263.945928571426,7645.7719884111175
2010-02-02,19715.71,16654.131,18375.19,17548.29,23074.098857142857,21418.761642857142,7529.970346009951
2010-02-03,17265.551,19715.71,38647.22,12132.69,20019.574714285718,21785.39457142857,3319.362950283038
2010-02-04,22661.8,17265.551,23758.02,22011.471,19862.97185714286,21831.846642857145,3134.2923841595075
2010-02-05,19507.18,22661.8,18949.43,13366.46,19942.650428571425,22270.469500000003,3114.2233085753655
2010-02-07,17075.3,19507.18,25427.991,27391.96,18749.408857142855,21533.565214285714,2095.8800878237244
2010-02-08,13047.56,17075.3,18366.19,29374.48,17989.604571428572,20367.356642857143,3018.812842943367
2010-02-09,18445.98,13047.56,16654.131,15691.72,18245.583,20564.0895,2962.1360554190487
2010-02-10,6123.39,18445.98,19715.71,18375.19,16303.823,19688.96092857143,5339.144227851523
2010-02-11,15096.0,6123.39,17265.551,38647.22,15993.887142857142,18006.73092857143,5336.981989216789
2010-02-12,9742.16,15096.0,22661.8,23758.02,14148.224285714286,17005.598071428572,4859.320790020886
2010-02-14,17901.06,9742.16,19507.18,18949.43,13918.778571428571,16930.7145,4594.831216379436
2010-02-15,42610.561,17901.06,17075.3,25427.991,17566.673,18158.040928571427,11879.812417904033
2010-02-16,25728.260000000002,42610.561,13047.56,18366.19,19378.20157142857,18683.90307142857,12041.576088726972
2010-02-17,26558.73,25728.260000000002,18445.98,16654.131,20537.165857142856,19391.374428571427,12324.000244441493
2010-02-18,35798.29,26558.73,6123.39,19715.71,24776.437285714284,20540.130142857142,11623.474179994491
2010-02-19,18961.84,35798.29,15096.0,17265.551,25328.700142857142,20661.293642857145,11169.859949783935
2010-02-21,11477.911,18961.84,9742.16,22661.8,25576.664571428573,19862.444428571423,10778.592591620809
2010-02-22,26341.79,11477.911,17901.06,19507.18,26782.483142857145,20350.630857142856,10235.240364633642
2010-02-23,20896.28,26341.79,42610.561,17075.3,23680.443,20623.558,7586.409332735311
2010-02-24,30413.861,20896.28,25728.260000000002,13047.56,24349.81457142857,21864.008071428572,7993.023987366089
2010-02-25,44631.31,30413.861,26558.73,18445.98,26931.611714285715,23734.388785714284,11129.020687794768
2010-02-26,12799.391,44631.31,35798.29,6123.39,23646.054714285714,24211.245999999996,11464.932720469624
2010-02-28,16917.02,12799.391,18961.84,15096.0,23353.93757142857,24341.318857142858,11629.049885450975
2010-03-01,23982.670000000002,16917.02,11477.911,9742.16,25140.331714285716,25358.49814285714,10395.717680338892
2010-03-02,21707.53,23982.670000000002,26341.79,17901.06,24478.29457142857,25630.388857142858,10453.852957032144
2010-03-03,31906.24,21707.53,20896.28,42610.561,26051.146,24865.7945,10651.484743678478
2010-03-04,30037.15,31906.24,30413.861,25728.260000000002,25997.33014285714,25173.57235714286,10626.691521512572
2010-03-05,25509.64,30037.15,44631.31,26558.73,23265.663,25098.63735714286,6810.996437915683
2010-03-07,19230.27,25509.64,12799.391,35798.29,24184.359999999997,23915.207357142855,5464.60661447224
2010-03-08,26607.28,19230.27,16917.02,18961.84,25568.682857142856,24461.310214285713,4449.970317255783
2010-03-09,19701.84,26607.28,23982.670000000002,11477.911,24957.135714285716,25048.733714285714,4968.2306360610555
2010-03-10,23000.19,19701.84,21707.53,26341.79,25141.801428571427,24810.048000000003,4849.929263516601
2010-03-11,21633.64,23000.19,31906.24,20896.28,23674.287142857145,24862.716571428573,3928.6397844874464
2010-03-12,19146.25,21633.64,30037.15,30413.861,22118.444285714282,24057.887214285718,3046.2499074811694
2010-03-14,9032.7,19146.25,25509.64,44631.31,19764.59571428571,21515.129357142858,5425.712003214794
2010-03-15,20611.431,9032.7,19230.27,12799.391,19961.90442857143,22073.132214285717,5428.155232704552
2010-03-16,21152.84,20611.431,26607.28,16917.02,19182.698714285714,22375.690785714283,4651.100149709255
2010-03-17,29619.48,21152.84,19701.84,23982.670000000002,20599.50442857143,22778.320071428574,6115.5801376869495
2010-03-18,37629.29,29619.48,23000.19,21707.53,22689.375857142855,23915.588642857143,8926.358811623431
2010-03-19,35397.14,37629.29,21633.64,31906.24,24655.59014285714,24164.93864285714,10094.47035751161
2010-03-21,20836.18,35397.14,19146.25,30037.15,24897.008714285716,23507.7265,9960.062544443283
2010-03-22,21653.89,20836.18,9032.7,25509.64,26700.035857142855,23232.315785714287,7430.817083862796
2010-03-23,41914.54,21653.89,20611.431,19230.27,29743.33714285714,24852.620785714284,8764.326399293755
2010-03-24,26031.36,41914.54,21152.84,26607.28,30440.268571428573,24811.483642857143,8139.027814947019
2010-03-25,30658.41,26031.36,29619.48,19701.84,30588.687142857143,25594.095785714286,8131.034558327993
2010-03-26,29889.94,30658.41,37629.29,23000.19,29483.065714285713,26086.220785714286,7517.132716964775
2010-03-28,22562.62,29889.94,35397.14,21633.64,27649.562857142857,26152.5765,7398.511909433149
2010-03-29,31812.08,22562.62,20836.18,19146.25,29217.54857142857,27057.278642857138,6857.139581600184
2010-03-30,33648.52,31812.08,21653.89,9032.7,30931.067142857144,28815.5515,6110.0154801023855
2010-03-31,24695.87,33648.52,41914.54,20611.431,28471.257142857143,29107.29714285714,4080.0344311566937
2010-04-01,28701.81,24695.87,26031.36,21152.84,28852.75,29646.509285714284,3936.186494319976
2010-04-06,17982.48,28701.81,30658.41,29619.48,27041.902857142857,28815.294999999995,5551.419862253631
2010-04-07,32195.350000000002,17982.48,29889.94,37629.29,27371.247142857144,28427.15642857143,5810.866303738551
2010-04-08,39938.28,32195.350000000002,22562.62,35397.14,29853.484285714287,28751.52357142857,7003.26012653361
2010-04-09,14707.33,39938.28,31812.08,20836.18,27409.94857142857,28313.74857142857,8926.0642630173
2010-04-11,19967.32,14707.33,33648.52,21653.89,25455.49142857143,28193.279285714285,8829.697681546893
2010-04-12,26011.031,19967.32,24695.87,41914.54,25643.37157142857,27057.31435714286,8824.8311952619
2010-04-13,25795.32,26011.031,28701.81,26031.36,25228.158714285713,27040.45435714286,8724.755053253464
2010-04-14,27203.98,25795.32,17982.48,30658.41,26545.51585714286,26793.709357142856,8123.875360782794
2010-04-15,19592.19,27203.98,32195.350000000002,29889.94,24745.06442857143,26058.155785714283,8059.3717959539235
2010-04-16,19416.420000000002,19592.19,39938.28,22562.62,21813.37014285714,25833.42721428571,4602.855541663282
2010-04-18,24096.88,19416.420000000002,14707.33,31812.08,23154.734428571428,25282.341500000002,3397.093820492384
2010-04-19,24620.04,24096.88,19967.32,33648.52,23819.408714285713,24637.45007142857,3112.7813095614615
2010-04-20,21323.69,24620.04,26011.031,24695.87,23149.788571428573,24396.58007142857,3066.5700327479685
2010-04-21,25962.71,21323.69,25795.32,28701.81,23173.70142857143,24200.93007142857,3091.1917401192068
2010-04-22,35766.15,25962.71,27203.98,17982.48,24396.86857142857,25471.19221428572,5615.253762302101
2010-04-23,15124.24,35766.15,19592.19,32195.350000000002,23758.59,24251.827214285713,6445.041460895884
2010-04-25,16774.12,15124.24,19416.420000000002,39938.28,23381.118571428575,22597.24435714286,6808.846509165942
2010-04-26,29918.53,16774.12,24096.88,14707.33,24212.782857142858,23683.75864285714,7251.966630819814
2010-04-27,43801.9,29918.53,24620.04,19967.32,26953.04857142857,25386.228642857142,10380.674182096647
2010-04-28,31291.74,43801.9,21323.69,26011.031,28377.05571428571,25763.42214285714,10161.121737906806
2010-04-29,29714.021,31291.74,25962.71,25795.32,28912.957285714285,26043.329357142855,10111.366931352319
2010-04-30,24703.66,29714.021,35766.15,27203.98,27332.60157142857,25864.735071428568,9718.605106506844
2010-05-02,12367.83,24703.66,15124.24,19592.19,26938.82871428571,25348.709357142856,10332.171502822877
2010-05-04,18988.58,12367.83,16774.12,19416.420000000002,27255.18014285714,25318.14935714286,9997.559798693232
2010-05-05,23642.83,18988.58,29918.53,24096.88,26358.65157142857,25285.717214285716,10000.304231272376
2010-05-06,51788.06,23642.83,43801.9,24620.04,27499.531571428575,27226.290071428575,12472.056468852446
2010-05-07,32001.21,51788.06,31291.74,21323.69,27600.884428571433,27988.970071428572,12510.832056465077
2010-05-09,23143.29,32001.21,29714.021,25962.71,26662.208571428575,27787.58292857143,12572.208290757084
2010-05-10,26539.18,23143.29,24703.66,35766.15,26924.425714285717,27128.513642857142,12543.66006229025
2010-05-11,25259.07,26539.18,12367.83,15124.24,28766.031428571434,27852.43007142857,10887.292257241064
2010-05-12,29794.61,25259.07,18988.58,16774.12,30309.75,28782.46507142857,9999.806201560456
2010-05-13,39032.8,29794.61,23642.83,29918.53,32508.31714285714,29433.484357142857,9981.521602918272
2010-05-14,16917.19,39032.8,51788.06,43801.9,27526.764285714282,27513.147928571427,7017.220721491442
2010-05-16,18478.89,16917.19,32001.21,31291.74,25595.004285714287,26597.94435714286,7429.3315948966
2010-05-17,23339.74,18478.89,23143.29,29714.021,25623.06857142857,26142.63857142857,7418.890398977998
2010-05-18,26274.83,23339.74,26539.18,24703.66,25585.304285714286,26254.865,7414.12119240005
2010-05-19,16710.4,26274.83,25259.07,12367.83,24364.065714285713,26565.048571428575,8144.862287218992
2010-05-20,25434.03,16710.4,29794.61,18988.58,23741.125714285714,27025.437857142857,7820.595913941736
2010-05-21,22560.06,25434.03,39032.8,23642.83,21387.877142857145,26948.097142857143,3995.1112747027964
2010-05-23,25155.77,22560.06,16917.19,51788.06,22564.817142857144,25045.790714285715,3657.8487141110786
2010-05-24,33580.34,25155.77,18478.89,32001.21,24722.167142857146,25158.585714285717,5038.964399787329
2010-05-25,20514.92,33580.34,23339.74,23143.29,24318.621428571427,24970.844999999998,5275.680888837751
2010-05-26,29627.59,20514.92,26274.83,26539.18,24797.587142857144,25191.445714285714,5623.601919208371
2010-05-27,29397.36,29627.59,16710.4,25259.07,26610.010000000002,25487.037857142856,4518.675496138252
2010-05-28,18652.75,29397.36,25434.03,29794.61,25641.25571428571,24691.190714285713,5444.81761434628
2010-05-30,10784.460000000001,18652.75,22560.06,39032.8,23959.02714285714,22673.452142857142,7845.355252435932
2010-06-01,13191.66,10784.460000000001,25155.77,16917.19,22249.86857142857,22407.342857142856,8787.804378687613
2010-06-02,13778.51,13191.66,33580.34,18478.89,19421.035714285714,22071.601428571426,7645.492143576859
2010-06-03,26787.3,13778.51,20514.92,23339.74,20317.09,22317.855714285713,8146.227904382101
2010-06-04,11447.73,26787.3,29627.59,26274.83,17719.967142857142,21258.777142857143,7560.1034057604475
2010-06-06,25686.0,11447.73,29397.36,16710.4,17189.772857142856,21899.891428571427,6684.053344983919
2010-06-07,45828.13,25686.0,18652.75,25434.03,21071.97,23356.61285714286,12783.93803333439
2010-06-08,48431.52,45828.13,10784.460000000001,22560.06,26450.12142857143,25204.574285714283,15388.388233354652
2010-06-09,36609.86,48431.52,13191.66,25155.77,29795.57857142857,26022.72357142857,14548.217865925983
2010-06-10,18089.8,36609.86,13778.51,33580.34,30411.477142857144,24916.25642857143,13830.686337730705
2010-06-11,30960.89,18089.8,26787.3,20514.92,31007.704285714284,25662.397142857142,13738.062055955912
2010-06-13,21333.72,30960.89,11447.73,29627.59,32419.98857142857,25069.977857142858,11757.534066124636
2010-06-14,21388.51,21333.72,25686.0,29397.36,31806.06142857143,24497.917142857146,12268.837322875437
2010-06-15,26973.08,21388.51,45828.13,18652.75,29112.48285714286,25092.22642857143,10638.749608192882
2010-06-16,29305.64,26973.08,48431.52,10784.460000000001,26380.214285714286,26415.167857142857,6501.961653798208
2010-06-17,22812.78,29305.64,36609.86,13191.66,24409.20285714286,27102.390714285717,4735.324094275306
2010-06-18,17800.34,22812.78,18089.8,13778.51,24367.851428571426,27389.664285714283,4800.521011239098
2010-06-20,9113.43,17800.34,30960.89,26787.3,21246.785714285714,26127.245,6574.0888981157705
2010-06-21,18246.3,9113.43,21333.72,11447.73,20805.725714285712,26612.85714285714,6670.151029379247
2010-06-22,12431.13,18246.3,21388.51,25686.0,19526.100000000002,25666.080714285716,7362.943372069383
2010-06-23,25098.24,12431.13,26973.08,45828.13,19258.265714285713,24185.374285714286,7075.3880603678335
2010-06-24,17268.73,25098.24,29305.64,48431.52,17538.707142857143,21959.460714285717,5517.805236775846
2010-06-25,12377.64,17268.73,22812.78,36609.86,16047.972857142857,20228.587857142855,5258.9890720927515
2010-06-27,18834.32,12377.64,17800.34,18089.8,16195.684285714287,20281.76785714286,5330.447221646829
2010-06-28,51270.77,18834.32,9113.43,30960.89,22218.161428571428,21732.47357142857,13519.699830493577
2010-06-29,32420.64,51270.77,18246.3,21333.72,24243.067142857144,22524.396428571432,13882.284182669324
2010-06-30,31579.91,32420.64,12431.13,21388.51,26978.60714285714,23252.35357142857,13027.100183673168
2010-07-01,28965.25,31579.91,25098.24,26973.08,27531.037142857145,23394.65142857143,13016.059004734274
2010-07-02,16778.23,28965.25,17268.73,29305.64,27460.965714285714,22499.836428571427,13081.668443600596
2010-07-04,10493.66,16778.23,12377.64,22812.78,27191.82571428571,21619.899285714288,13457.68671200821
2010-07-05,31069.37,10493.66,18834.32,17800.34,28939.690000000002,22567.687142857143,12977.276491530638
2010-07-06,19921.23,31069.37,51270.77,9113.43,24461.184285714284,23339.672857142858,8686.336239565893
2010-07-07,24954.420000000002,19921.23,32420.64,18246.3,23394.58142857143,23818.824285714283,7975.394224518401
2010-07-08,20020.69,24954.420000000002,31579.91,12431.13,21743.264285714286,24360.93571428571,7152.354852591961
2010-07-09,33417.54,20020.69,28965.25,25098.24,22379.305714285718,24955.17142857143,8044.013037949141
2010-07-11,7679.86,33417.54,16778.23,17268.73,21079.538571428573,24270.25214285714,9670.511597107026
2010-07-12,16259.7,7679.86,10493.66,12377.64,21903.258571428574,24547.542142857146,8827.35505455899
2010-07-13,17463.76,16259.7,31069.37,18834.32,19959.600000000002,24449.645,7924.435541456603
2010-07-14,19502.47,17463.76,19921.23,51270.77,19899.777142857143,22180.480714285713,7926.353891339808
2010-07-15,55987.63,19502.47,24954.420000000002,32420.64,24333.092857142856,23863.83714285714,15896.36335734448
2010-07-16,21148.11,55987.63,20020.69,31579.91,24494.152857142857,23118.70857142857,15851.035313532602
2010-07-18,14646.26,21148.11,33417.54,28965.25,21812.54142857143,22095.92357142857,15676.674815962986
2010-07-19,28646.420000000002,14646.26,7679.86,16778.23,24807.764285714286,22943.65142857143,14484.005499933217
2010-07-20,23217.99,28646.420000000002,16259.7,10493.66,25801.80571428571,23852.532142857144,14031.272469305684
2010-07-21,19171.47,23217.99,17463.76,31069.37,26045.764285714286,23002.682142857142,13876.126846169851
2010-07-22,21672.08,19171.47,19502.47,19921.23,26355.708571428575,23127.742857142857,13729.0648710797
2010-07-23,23925.32,21672.08,55987.63,24954.420000000002,21775.37857142857,23054.235714285718,4319.0159778721345
2010-07-25,17431.3,23925.32,21148.11,20020.69,21244.405714285713,22869.27928571429,4626.507351692248
2010-07-26,20346.23,17431.3,14646.26,33417.54,22058.687142857143,21935.614285714284,3675.532493937575
2010-07-27,28293.86,20346.23,28646.420000000002,7679.86,22008.321428571428,23408.042857142857,3571.1490706561253
2010-07-28,23308.920000000002,28293.86,23217.99,16259.7,22021.31142857143,23911.558571428573,3576.444032827595
2010-07-29,32923.63,23308.920000000002,19171.47,17463.76,23985.905714285713,25015.835,5171.512522663202
2010-07-30,14391.34,32923.63,21672.08,19502.47,22945.799999999996,24650.754285714287,6319.235359384904
2010-08-01,30724.29,14391.34,23925.32,55987.63,23917.08142857143,22846.230000000003,6982.575302363832
2010-08-02,26390.89,30724.29,17431.3,21148.11,25197.022857142856,23220.714285714286,6391.723356601423
2010-08-03,22388.16,26390.89,20346.23,14646.26,25488.727142857148,23773.707142857143,6176.415415097779
2010-08-04,17594.33,22388.16,28293.86,28646.420000000002,23960.222857142857,22984.272142857146,6670.6709148074115
2010-08-05,23247.39,17594.33,23308.920000000002,23217.99,23951.43285714286,22986.37214285714,6671.712637993152
2010-08-06,14738.6,23247.39,32923.63,19171.47,21353.571428571428,22669.738571428574,6112.886345154922
2010-08-08,14135.34,14738.6,14391.34,21672.08,21317.0,22131.399999999998,6162.049348206641
2010-08-09,31355.41,14135.34,30724.29,23925.32,21407.16,22662.120714285713,6325.092639943483
2010-08-10,28280.39,31355.41,26390.89,17431.3,21677.088571428572,23437.05571428571,6607.2495198769975
2010-08-11,18674.68,28280.39,22388.16,20346.23,21146.59142857143,23317.659285714286,6689.211730225133
2010-08-12,26131.35,18674.68,17594.33,28293.86,22366.165714285715,23163.19428571429,6711.818533012923
2010-08-13,15269.89,26131.35,23247.39,23308.920000000002,21226.522857142856,22588.977857142858,7196.991501073513
2010-08-15,20679.97,15269.89,14738.6,32923.63,22075.29,21714.43071428571,6632.531660748696
2010-08-16,14341.34,20679.97,14135.34,14391.34,22104.71857142857,21710.859285714287,6591.762178397225
2010-08-17,28821.02,14341.34,31355.41,30724.29,21742.66285714286,21574.911428571424,6045.9875715268945
2010-08-18,35233.12,28821.02,28280.39,26390.89,22735.91,22206.499285714286,7655.81013361315
2010-08-19,30741.84,35233.12,18674.68,22388.16,24459.79,22803.190714285713,7942.161367062938
2010-08-20,23264.37,30741.84,26131.35,17594.33,24050.221428571425,23208.19357142857,7915.472762493807
2010-08-22,22766.81,23264.37,15269.89,23247.39,25121.21,23173.86642857143,6981.547865399691
2010-08-23,20665.02,22766.81,20679.97,14738.6,25119.074285714287,23597.182142857142,6983.135019826616
2010-08-24,26612.19,20665.02,14341.34,14135.34,26872.052857142862,24488.385714285716,5117.687455129579
2010-08-25,30529.81,26612.19,28821.02,31355.41,27116.165714285715,24429.414285714283,5264.787525205749
2010-08-26,32072.39,30529.81,35233.12,28280.39,26664.632857142857,24700.271428571432,4537.987163191482
2010-08-27,12210.79,32072.39,30741.84,18674.68,24017.34,24238.565,6668.243195832546
2010-08-29,14509.78,12210.79,23264.37,26131.35,22766.684285714287,23408.45285714286,7590.241094497308
2010-08-31,22863.48,14509.78,22766.81,15269.89,22780.49428571429,23950.852142857144,7590.32930354336
2010-09-01,20387.01,22863.48,20665.02,20679.97,22740.778571428567,23929.92642857143,7603.958265536098
2010-09-02,33483.72,20387.01,26612.19,14341.34,23722.425714285713,25297.239285714284,8569.311856084418
2010-09-03,34775.61,33483.72,30529.81,28821.02,24328.96857142857,25722.567142857148,9254.3303062106
2010-09-05,12389.65,34775.61,32072.39,35233.12,21517.148571428574,24090.890714285717,9496.474846326655
2010-09-06,23733.02,12389.65,12210.79,30741.84,23163.18142857143,23590.260714285716,8567.710839754576
2010-09-07,24407.5,23733.02,14509.78,23264.37,24577.141428571427,23671.91285714286,7671.440612795485
2010-09-08,16209.630000000001,24407.5,22863.48,22766.81,23626.591428571428,23203.54285714286,8305.217249334784
2010-09-09,23633.48,16209.630000000001,20387.01,20665.02,24090.37285714286,23415.575714285715,8183.920296100408
2010-09-10,16023.15,23633.48,33483.72,26612.19,21596.005714285715,22659.215714285714,7473.858334829193
2010-09-12,15762.29,16023.15,34775.61,30529.81,18879.817142857144,21604.39285714286,4896.220615140269
2010-09-13,32968.56,15762.29,12389.65,32072.39,21819.661428571428,21668.405,6320.72612726693
2010-09-14,19756.84,32968.56,23733.02,12210.79,21251.635714285716,22207.408571428572,6298.745793068315
2010-09-15,33851.05,19756.84,24407.5,14509.78,22600.714285714286,23588.927857142855,7896.105172849188
2010-09-16,27173.141,33851.05,16209.630000000001,22863.48,24166.93014285714,23896.760785714287,7494.228494163838
2010-09-17,19548.35,27173.141,23633.48,20387.01,23583.340142857145,23836.856499999998,7698.954872803661
2010-09-19,22984.34,19548.35,16023.15,33483.72,24577.795857142857,23086.90078571429,6975.231988998204
2010-09-20,38634.58,22984.34,15762.29,34775.61,27845.26585714286,23362.5415,7495.206060290823
2010-09-21,55151.61,38634.58,32968.56,12389.65,31014.272999999997,26416.967214285716,12820.288133728232
2010-09-22,27261.12,55151.61,19756.84,23733.02,32086.313,26668.97435714286,12010.20537120825
2010-09-23,34375.74,27261.12,33851.05,24407.5,32161.268714285714,27380.9915,12024.683288601469
2010-09-24,47160.31,34375.74,27173.141,16209.630000000001,35016.57857142857,29591.754357142858,12978.04755398826
2010-09-26,21858.47,47160.31,19548.35,23633.48,35346.595714285715,29464.967928571426,12541.169912990372
2010-09-27,115243.44,21858.47,22984.34,16023.15,48526.467142857146,36552.131499999996,31512.968074200646
2010-09-28,40204.85,115243.44,38634.58,15762.29,48750.79142857143,38298.02864285714,31436.312792699566
2010-09-29,36895.79,40204.85,55151.61,32968.56,46142.81714285714,38578.545071428576,31573.750815524847
2010-09-30,37741.75,36895.79,27261.12,19756.84,47640.049999999996,39863.1815,30767.347252972027
2010-10-01,34597.86,37741.75,34375.74,33851.05,47671.78142857143,39916.52507142857,30751.497779091667
2010-10-03,38663.81,34597.86,47160.31,27173.141,46457.99571428571,40737.287142857145,30942.141462895885
2010-10-04,35019.51,38663.81,21858.47,19548.35,48338.14428571429,41842.369999999995,29567.590053335887
2010-10-05,55162.92,35019.51,115243.44,22984.34,39755.212857142855,44140.840000000004,7071.613146401334
2010-10-06,30468.72,55162.92,40204.85,38634.58,38364.33714285714,43557.56428571429,7879.7346001365795
2010-10-07,47747.15,30468.72,36895.79,55151.61,39914.531428571434,43028.67428571429,8579.045540819016
2010-10-08,51889.25,47747.15,37741.75,27261.12,41935.60285714286,44787.82642857143,9588.881860793575
2010-10-10,23190.78,51889.25,34597.86,34375.74,40306.020000000004,43988.90071428572,11765.8904163093
2010-10-11,40044.11,23190.78,38663.81,47160.31,40503.205714285716,43480.60071428572,11745.329791411887
2010-10-12,46646.97,40044.11,35019.51,21858.47,42164.27142857143,45251.20785714286,11662.45812579463
2010-10-13,51841.53,46646.97,55162.92,115243.44,41689.787142857145,40722.5,11099.445171032472
2010-10-14,87053.6,51841.53,30468.72,40204.85,49773.34142857143,44068.83928571428,19208.254816229735
2010-10-15,42504.37,87053.6,47747.15,36895.79,49024.37285714286,44469.45214285714,19401.667174878447
2010-10-17,31444.71,42504.37,51889.25,37741.75,46103.724285714285,44019.66357142857,20411.082951716715
2010-10-18,36716.08,31444.71,23190.78,34597.86,48035.909999999996,44170.965000000004,18424.01196593091
2010-10-19,46626.44,36716.08,40044.11,38663.81,48976.24285714287,44739.724285714285,18113.50076043619
2010-10-20,43661.16,46626.44,46646.97,35019.51,48549.69857142858,45356.98499999999,18212.37890525506
2010-10-21,33093.23,43661.16,51841.53,55162.92,45871.369999999995,43780.57857142858,19008.75513774812
2010-10-22,32940.68,33093.23,87053.6,30468.72,38140.95285714286,43957.147142857146,6067.7818984966225
2010-10-24,28872.3,32940.68,42504.37,47747.15,36193.514285714286,42608.94357142858,6598.342730104901
2010-10-25,28007.03,28872.3,31444.71,51889.25,35702.41714285714,40903.07071428571,7118.144757048016
2010-10-26,42670.75,28007.03,36716.08,23190.78,36553.08428571429,42294.49714285714,7599.041792644749
2010-10-27,30541.15,42670.75,46626.44,40044.11,34255.18571428572,41615.71428571428,6379.408418176017
2010-10-28,30771.4,30541.15,43661.16,46646.97,32413.79142857143,40481.745,4900.856911920018
2010-10-29,36158.840000000004,30771.4,33093.23,51841.53,32851.735714285714,39361.55285714286,5104.435595227789
2010-10-31,30345.65,36158.840000000004,32940.68,87053.6,32481.01714285714,35310.985,5190.409508281314
2010-11-01,20819.29,30345.65,28872.3,42504.37,31330.587142857144,33762.05071428572,6774.347710603372
2010-11-02,43000.14,20819.29,28007.03,31444.71,33472.46000000001,34587.438571428575,7835.494218358736
2010-11-03,42957.23,43000.14,42670.75,36716.08,33513.385714285716,35033.235,7892.089040148269
2010-11-04,84346.78,42957.23,30541.15,46626.44,41199.904285714285,37727.545,20556.151681548465
2010-11-05,40980.13,84346.78,30771.4,43661.16,42658.294285714284,37536.04285714286,20048.850844390752
2010-11-07,31829.1,40980.13,36158.840000000004,33093.23,42039.759999999995,37445.74785714286,20347.35433789528
2010-11-08,32430.401,31829.1,30345.65,32940.68,42337.58157142857,37409.29935714286,20162.075204002518
2010-11-09,53303.03,32430.401,20819.29,28872.3,46978.11585714285,39154.351500000004,18007.026115193363
2010-11-10,73828.15,53303.03,43000.14,28007.03,51382.11728571429,42427.288642857144,20472.955244061617
2010-11-11,59838.16,73828.15,42957.23,42670.75,53793.678714285714,43653.53221428571,20308.733390237645
2010-11-12,36207.04,59838.16,84346.78,30541.15,46916.573,44058.23864285714,15913.326142722812
2010-11-14,28344.41,36207.04,40980.13,30771.4,45111.47014285715,43884.88221428571,17350.690679241252
2010-11-15,43238.62,28344.41,31829.1,36158.840000000004,46741.40157142857,44390.580785714286,16405.122564273828
2010-11-16,64020.54,43238.62,32430.401,30345.65,51254.27857142857,46795.93007142857,16155.338404850772
2010-11-17,45982.431000000004,64020.54,53303.03,20819.29,50208.47871428572,48593.29728571429,16237.348238261186
2010-11-18,37235.14,45982.431000000004,73828.15,43000.14,44980.90585714286,48181.51157142857,12916.62292536647
2010-11-19,40229.5,37235.14,59838.16,42957.23,42179.66871428571,47986.67371428572,11165.006620514574
2010-11-21,32448.6,40229.5,36207.04,84346.78,41642.74871428572,44279.66085714286,11582.657006457586
2010-11-22,31847.63,32448.6,28344.41,40980.13,42143.20871428571,43627.339428571424,10971.880548029172
2010-11-23,50010.020000000004,31847.63,43238.62,31829.1,43110.551571428565,44925.976571428575,11375.62822483986
2010-11-24,41375.81,50010.020000000004,64020.54,32430.401,39875.590142857145,45564.934357142854,6695.227021105886
2010-11-25,68099.3,41375.81,45982.431000000004,53303.03,43035.142857142855,46621.81078571428,12638.30993810841
2010-11-26,28995.48,68099.3,37235.14,73828.15,41858.04857142857,43419.47721428572,13614.54193039733
2010-11-28,27587.260000000002,28995.48,40229.5,59838.16,40052.014285714286,41115.841499999995,14664.614036061825
2010-11-29,63425.28,27587.260000000002,32448.6,36207.04,44477.25428571429,43060.0015,16541.482334357494
2010-11-30,49956.57,63425.28,31847.63,28344.41,47064.24571428572,44603.72721428572,15627.921835852889
2010-12-01,92752.98,49956.57,50010.020000000004,43238.62,53170.38285714285,48140.46721428571,23392.23562168201
2010-12-02,94633.06,92752.98,41375.81,64020.54,60778.561428571425,50327.07578571428,27258.121429000665
2010-12-03,47843.42,94633.06,68099.3,45982.431000000004,57884.864285714284,50460.00357142858,27426.086704367066
2010-12-05,63543.2,47843.42,28995.48,37235.14,62820.25285714286,52339.150714285715,24290.105007607963
2010-12-06,62431.28,63543.2,27587.260000000002,40229.5,67797.97,53924.99214285715,18821.083241123426
2010-12-07,107590.62,62431.28,63425.28,32448.6,74107.30428571429,59292.279285714285,23843.51668867923
2010-12-08,78497.64,107590.62,49956.57,31847.63,78184.59999999999,62624.42285714286,21333.566771845628
2010-12-09,76463.8,78497.64,92752.98,50010.020000000004,75857.57428571429,64513.97857142857,20345.124491073813
2010-12-10,33650.28,76463.8,94633.06,41375.81,67145.74857142857,63962.15499999999,23738.892207811878
2010-12-12,17305.77,33650.28,47843.42,68099.3,62783.22714285715,60334.04571428571,29887.099900410012
2010-12-13,27642.68,17305.77,63543.2,28995.48,57654.58142857143,60237.41714285714,32684.328276866054
2010-12-14,29322.3,27642.68,62431.28,27587.260000000002,52924.72714285715,60361.34857142857,34236.65813183421
2010-12-15,30311.72,29322.3,107590.62,63425.28,41884.88428571428,57996.09428571429,24841.94671054711
2010-12-16,49030.08,30311.72,78497.64,49956.57,37675.23285714286,57929.91642857143,19533.073162241813
2010-12-17,20046.56,49030.08,76463.8,92752.98,29615.627142857145,52736.600714285705,10334.103241121566
2010-12-19,7417.39,20046.56,33650.28,94633.06,25868.071428571428,46506.909999999996,13031.604087372243
2010-12-20,19621.96,7417.39,17305.77,47843.42,26198.955714285716,44491.09142857143,12805.407333692976
2010-12-21,15951.66,19621.96,27642.68,63543.2,24528.809999999998,41091.69571428571,13337.08966619665
2010-12-22,4886.52,15951.66,29322.3,62431.28,21037.984285714287,36981.35571428571,14971.13180689418
2010-12-23,5648.97,4886.52,30311.72,107590.62,17514.734285714287,29699.809285714287,15322.83306118897
2011-01-04,12125.460000000001,5648.97,49030.08,78497.64,12242.645714285714,24958.939285714285,6454.94790357494
2011-01-05,28803.63,12125.460000000001,20046.56,76463.8,13493.655714285715,21554.641428571427,8683.394639765007
2011-01-06,34360.19,28803.63,7417.39,33650.28,17342.627142857145,21605.34928571428,11159.429760520668
2011-01-07,23797.79,34360.19,19621.96,17305.77,17939.174285714285,22069.065000000002,11410.374849692671
2011-01-09,15778.2,23797.79,15951.66,27642.68,17914.394285714287,21221.602142857148,11415.597690235018
2011-01-10,15346.83,15778.2,4886.52,29322.3,19408.72428571429,20223.354285714282,10026.057273145754
2011-01-11,60268.78,15346.83,5648.97,30311.72,27211.554285714286,22363.144285714287,16619.041135473624
2011-01-12,17153.94,60268.78,12125.460000000001,49030.08,27929.908571428572,20086.277142857143,15953.6218653712
2011-01-13,15171.31,17153.94,28803.63,20046.56,25982.434285714287,19738.045000000002,16646.211578299066
2011-01-14,39532.02,15171.31,34360.19,7417.39,26721.26714285714,22031.947142857138,17186.04823561813
2011-01-16,7242.06,39532.02,23797.79,19621.96,24356.162857142856,21147.66857142857,18725.643238063323
2011-01-17,16597.35,7242.06,15778.2,15951.66,24473.184285714284,21193.789285714283,18665.566158686375
2011-01-18,87589.11,16597.35,15346.83,4886.52,34793.51,27101.117142857143,29566.833999223996
2011-01-19,21646.78,87589.11,60268.78,5648.97,29276.08142857143,28243.817857142854,27555.819222868027
2011-01-20,15244.73,21646.78,17153.94,12125.460000000001,29003.33714285714,28466.62285714286,27704.845611794928
2011-01-21,24279.76,15244.73,15171.31,28803.63,30304.544285714284,28143.489285714288,27155.374078881036
2011-01-23,10400.25,24279.76,39532.02,34360.19,26142.86285714286,26432.065000000002,27731.70124889551
2011-01-24,17632.37,10400.25,7242.06,23797.79,27627.192857142858,25991.677857142855,26814.32768792509
2011-01-25,24119.3,17632.37,16597.35,15778.2,28701.757142857143,26587.47071428571,26446.846302686565
2011-01-26,17490.82,24119.3,87589.11,15346.83,18687.715714285714,26740.61285714286,5043.340181450396
2011-01-27,22157.03,17490.82,21646.78,60268.78,18760.608571428573,24018.344999999998,5096.642157680992
2011-01-28,17273.5,22157.03,15244.73,17153.94,19050.432857142856,24026.885,4917.937756464658
2011-01-30,6615.75,17273.5,24279.76,15171.31,16527.002857142856,23415.77357142857,6161.956579084898
2011-01-31,18818.08,6615.75,10400.25,39532.02,17729.55,21936.20642857143,5558.887025619758
2011-02-01,26376.5,18818.08,17632.37,7242.06,18978.711428571427,23302.952142857142,6445.215540865782
2011-02-02,17145.23,26376.5,24119.3,16597.35,17982.415714285715,23342.086428571427,6044.730314433574
2011-02-03,22184.0,17145.23,17490.82,87589.11,18652.87,18670.292857142857,6238.29128533903
2011-02-04,18114.31,22184.0,22157.03,21646.78,18075.338571428572,18417.97357142857,6043.919543302833
2011-02-06,3457.11,18114.31,17273.5,15244.73,16101.56857142857,17576.000714285714,8215.362297317437
2011-02-07,23415.010000000002,3457.11,6615.75,24279.76,18501.46285714286,17514.23285714286,7395.294557329054
2011-02-08,14168.03,23415.010000000002,18818.08,10400.25,17837.170000000002,17783.36,7568.924279026512
2011-02-09,11920.78,14168.03,26376.5,17632.37,15772.067142857142,17375.389285714286,6781.87109824133
2011-02-10,14198.51,11920.78,17145.23,24119.3,15351.107142857145,16666.76142857143,6773.880081575191
2011-02-11,18599.46,14198.51,22184.0,17490.82,14839.03,16745.95,6289.41595914682
2011-02-13,5713.63,18599.46,18114.31,22157.03,13067.504285714285,15571.42142857143,6927.215183968194
2011-02-14,23003.99,5713.63,3457.11,17273.5,15859.915714285715,15980.742142857143,6320.719897664545
2011-02-15,37784.65,23003.99,23415.010000000002,6615.75,17912.72142857143,18207.092142857146,10278.014114906535
2011-02-16,23499.22,37784.65,14168.03,18818.08,19245.74857142857,18541.459285714285,10316.434847089913
2011-02-17,17674.79,23499.22,11920.78,26376.5,20067.75,17919.908571428572,9854.406032719748
2011-02-18,14463.06,17674.79,14198.51,17145.23,20105.542857142857,17728.325,9828.618784484785
2011-02-20,9624.69,14463.06,18599.46,22184.0,18823.432857142856,16831.231428571427,10611.973048873962
2011-02-21,32801.73,9624.69,5713.63,18114.31,22693.161428571428,17880.332857142857,9953.107533875236
2011-02-22,29160.48,32801.73,23003.99,3457.11,23572.660000000003,19716.28785714286,10252.650620114598
2011-02-23,19348.07,29160.48,37784.65,23415.010000000002,20938.86285714286,19425.792142857146,8144.623560042155
2011-02-24,21472.89,19348.07,23499.22,14168.03,20649.38714285714,19947.567857142858,8074.161881943359
2011-02-25,18377.69,21472.89,17674.79,11920.78,20749.801428571427,20408.77571428571,8035.279907177114
2011-02-27,9526.5,18377.69,14463.06,14198.51,20044.57857142857,20075.060714285715,8853.928895687177
2011-02-28,15107.02,9526.5,9624.69,18599.46,20827.768571428573,19825.600714285716,7977.719412128438
2011-03-01,23631.87,15107.02,32801.73,5713.63,19517.78857142857,21105.475000000002,6249.519200678646
2011-03-02,18686.99,23631.87,29160.48,23003.99,18021.575714285715,20797.117857142857,4589.428056602717
2011-03-03,32855.05,18686.99,19348.07,37784.65,19951.144285714287,20445.00357142857,7286.824039689625
2011-03-04,17322.47,32855.05,21472.89,23499.22,19358.227142857144,20003.807142857146,7311.180830592776
2011-03-06,9997.42,17322.47,18377.69,17674.79,18161.045714285712,19455.42357142857,8137.882039087249
2011-03-07,20285.68,9997.42,9526.5,14463.06,19698.071428571428,19871.325,7196.900945591166
2011-03-08,22230.61,20285.68,15107.02,9624.69,20715.727142857144,20771.74785714286,6938.526928800794
2011-03-09,20345.87,22230.61,23631.87,32801.73,20246.29857142857,19882.04357142857,6818.4712180383685
2011-03-10,24431.72,20345.87,18686.99,29160.48,21066.97428571429,19544.274999999998,6944.074781483263
2011-03-11,20896.0,24431.72,32855.05,19348.07,19358.53857142857,19654.84142857143,4654.035568849654
2011-03-13,4148.12,20896.0,17322.47,21472.89,17476.48857142857,18417.35785714286,7442.857369425934
2011-03-14,26009.25,4148.12,9997.42,18377.69,19763.89285714286,18962.469285714287,7218.295935403351
2011-03-15,14936.43,26009.25,20285.68,9526.5,18999.714285714286,19348.89285714286,7433.786953921852
2011-03-16,21820.66,14936.43,22230.61,15107.02,18941.149999999998,19828.43857142857,7405.652908817031
2011-03-17,32028.94,21820.66,20345.87,23631.87,20610.16,20428.229285714286,8933.831001500417
2011-03-18,23398.74,32028.94,24431.72,18686.99,20462.591428571428,20764.782857142858,8868.478264618885
2011-03-20,20084.8,23398.74,20896.0,32855.05,20346.705714285716,19852.622142857144,8867.170887252141
2011-03-21,16051.050000000001,20084.8,4148.12,17322.47,22047.124285714286,19761.806428571428,5881.8765841720715
2011-03-22,19064.29,16051.050000000001,26009.25,9997.42,21054.987142857142,20409.440000000002,5684.5894067083145
2011-03-23,21578.8,19064.29,14936.43,20285.68,22003.897142857142,20501.805714285718,5007.027851253372
2011-03-24,36697.14,21578.8,21820.66,22230.61,24129.108571428573,21535.129285714287,7468.423661377094
2011-03-25,27302.75,36697.14,32028.94,20345.87,23453.93857142857,22032.049285714285,6820.774559265047
2011-03-27,9224.4,27302.75,23398.74,24431.72,21429.032857142858,20945.812142857143,8688.237379173082
2011-03-28,20005.16,9224.4,20084.8,20896.0,21417.655714285713,20882.180714285718,8690.342900835298
2011-03-29,37190.52,20005.16,16051.050000000001,4148.12,24437.579999999998,23242.352142857144,10076.999805228219
2011-03-30,29587.420000000002,37190.52,19064.29,26009.25,25940.884285714284,23497.935714285715,9925.595621261124
2011-03-31,25688.61,29587.420000000002,21578.8,14936.43,26528.0,24265.948571428573,9744.465263134556
2011-04-01,24586.82,25688.61,36697.14,21820.66,24797.954285714284,24463.53142857143,8651.907148376675
2011-04-03,6918.5,24586.82,27302.75,32028.94,21885.91857142857,22669.928571428572,10825.696311712121
2011-04-04,29017.77,6918.5,9224.4,23398.74,24713.542857142857,23071.28785714286,9467.094259917347
2011-04-05,28759.37,29017.77,20005.16,20084.8,25964.144285714287,23690.9,9318.503661759827
2011-04-06,12722.32,28759.37,37190.52,16051.050000000001,22468.687142857143,23453.13357142857,8988.825629987874
2011-04-07,16827.77,12722.32,29587.420000000002,19064.29,20645.88,23293.382142857143,8589.52001762244
2011-04-08,22720.71,16827.77,25688.61,21578.8,20221.894285714287,23374.947142857145,8369.55366465651
2011-04-10,9913.98,22720.71,24586.82,36697.14,18125.774285714284,21461.864285714284,8913.85680016412
2011-04-11,20184.14,9913.98,6918.5,27302.75,20020.865714285716,20953.39214285714,7418.8423418908105
2011-04-12,24023.96,20184.14,29017.77,9224.4,19307.464285714286,22010.50357142857,6604.962983860343
2011-04-13,24484.42,24023.96,28759.37,20005.16,18696.757142857143,22330.450714285715,5724.287764205019
2011-04-14,35702.7,24484.42,12722.32,37190.52,21979.66857142857,22224.177857142855,7902.219768268751
2011-04-15,18021.481,35702.7,16827.77,29587.420000000002,22150.198714285714,21398.039357142854,7784.5155046098635
2011-04-17,12725.5,18021.481,22720.71,25688.61,20722.31157142857,20472.10292857143,8542.243272191867
2011-04-18,43713.56,12725.5,9913.98,24586.82,25550.823,21838.298642857142,10695.757222401122
2011-04-19,18853.04,43713.56,20184.14,6918.5,25360.665857142856,22690.765785714284,10818.20400900736
2011-04-20,25718.95,18853.04,24023.96,29017.77,25602.807285714283,22455.135785714287,10802.255825841086
2011-04-21,27804.47,25718.95,24484.42,28759.37,26077.100142857144,22386.928642857143,10817.842037946519
2011-04-26,21584.41,27804.47,35702.7,12722.32,24060.20157142857,23019.935071428572,10010.088005987272
2011-04-27,23593.2,21584.41,18021.481,16827.77,24856.161428571428,23503.18007142857,9665.473354456943
2011-04-28,21323.29,23593.2,12725.5,22720.71,26084.417142857146,23403.364357142855,8319.617380352289
2011-05-01,6973.66,21323.29,43713.56,9913.98,20835.860000000004,23193.341500000002,6793.368043609637
2011-05-03,28910.41,6973.66,18853.04,20184.14,22272.62714285714,23816.6465,7345.245401461658
2011-05-04,27532.0,28910.41,25718.95,24023.96,22531.634285714284,24067.220785714286,7516.981317441531
2011-05-05,25232.670000000002,27532.0,27804.47,24484.42,22164.234285714287,24120.667214285717,7275.277393343734
2011-05-06,30786.7,25232.670000000002,21584.41,35702.7,23478.847142857143,23769.52435714286,7952.895038319494
2011-05-08,18867.4,30786.7,23593.2,18021.481,22803.73285714286,23829.947142857145,8139.954443230025
2011-05-09,21624.41,18867.4,21323.29,12725.5,22846.75,24465.58357142857,8131.618207683906
2011-05-10,29870.7,21624.41,6973.66,43713.56,26117.755714285715,23476.807857142856,4457.649358637876
2011-05-11,31887.7,29870.7,28910.41,18853.04,26543.08285714286,24407.855000000003,4889.629223825994
2011-05-12,59901.56,31887.7,27532.0,25718.95,31167.305714285718,26849.47,13574.343597551871
2011-05-13,25885.83,59901.56,25232.670000000002,27804.47,31260.614285714288,26712.424285714285,13528.919418903992
2011-05-15,9680.05,25885.83,30786.7,21584.41,28245.37857142857,25862.11285714286,15811.623357042867
2011-05-16,35706.7,9680.05,18867.4,23593.2,30650.992857142857,26727.36285714286,15423.25394678847
2011-05-17,46406.090000000004,35706.7,21624.41,21323.29,34191.23285714286,28518.99142857143,15844.40683092699
2011-05-18,32882.87,46406.090000000004,29870.7,6973.66,34621.54285714286,30369.649285714284,15748.12163014558
2011-05-19,31553.510000000002,32882.87,31887.7,28910.41,34573.80142857142,30558.442142857144,15758.294024650942
2011-05-20,25489.66,31553.510000000002,59901.56,27532.0,29657.815714285713,30412.560714285715,11267.95490054567
2011-05-22,24231.09,25489.66,25885.83,25232.670000000002,29421.424285714285,30341.019285714287,11377.105338069574
2011-05-23,31307.49,24231.09,9680.05,30786.7,32511.058571428577,30378.218571428577,7344.4498352486
2011-05-24,32462.48,31307.49,35706.7,18867.4,32047.59857142857,31349.295714285716,7210.3204948566545
2011-05-25,21884.93,32462.48,46406.090000000004,21624.41,28544.57571428572,31367.90428571429,4530.410251032973
2011-05-26,32764.38,21884.93,32882.87,29870.7,28527.648571428574,31574.595714285715,4511.682011901661
2011-05-27,21163.32,32764.38,31553.510000000002,31887.7,27043.335714285717,30808.568571428572,5029.692713890663
2011-05-29,7394.3,21163.32,25489.66,59901.56,24458.28428571429,27058.05,9024.781740985864
2011-05-31,18194.65,7394.3,24231.09,25885.83,23595.935714285715,26508.68,9333.238939812476
2011-06-01,15390.89,18194.65,31307.49,9680.05,21322.135714285712,26916.597142857143,9076.706774649358
2011-06-02,28104.56,15390.89,32462.48,35706.7,20699.575714285715,26373.58714285714,8301.61206182062
2011-06-03,15042.26,28104.56,21884.93,46406.090000000004,19722.05142857143,24133.31357142857,8538.265408872661
2011-06-05,25639.54,15042.26,32764.38,32882.87,18704.217142857142,23615.93285714286,7012.777471037737
2011-06-06,16290.98,25639.54,21163.32,31553.510000000002,18008.168571428574,22525.752142857145,6969.689477766209
2011-06-07,33908.26,16290.98,7394.3,25489.66,21795.877142857145,23127.080714285716,7429.569035614429
2011-06-08,30192.13,33908.26,18194.65,24231.09,23509.802857142855,23552.86928571429,7833.224239925758
2011-06-09,42910.38,30192.13,15390.89,31307.49,27441.15857142857,24381.64714285714,9750.497040203492
2011-06-10,58245.12,42910.38,28104.56,32462.48,31746.952857142856,26223.264285714286,15215.661024129908
2011-06-12,12472.210000000001,58245.12,15042.26,21884.93,31379.802857142855,25550.92714285714,15708.932688693167
2011-06-13,19719.11,12472.210000000001,25639.54,32764.38,30534.027142857143,24619.12214285714,16220.548601669618
2011-06-14,33334.47,19719.11,16290.98,21163.32,32968.811428571425,25488.489999999998,14956.14727735443
2011-06-15,45077.54,33334.47,33908.26,7394.3,34564.422857142854,28180.149999999998,15652.661975271989
2011-06-16,32307.77,45077.54,30192.13,18194.65,34866.65714285714,29188.23,15574.397151615816
2011-06-17,19059.23,32307.77,42910.38,15390.89,31459.350000000002,29450.254285714287,16120.774182874578
2011-06-19,22442.18,19059.23,58245.12,28104.56,26344.644285714287,29045.798571428575,11105.453165308692
2011-06-20,26136.73,22442.18,12472.210000000001,15042.26,28296.71857142857,29838.260714285716,9317.646137493646
2011-06-21,19850.66,26136.73,19719.11,25639.54,28315.51142857143,29424.769285714283,9297.573533349992
2011-06-22,21170.420000000002,19850.66,33334.47,16290.98,26577.79,29773.300714285717,9339.824210390841
2011-06-23,22556.81,21170.420000000002,45077.54,33908.26,23360.542857142857,28962.48285714286,4561.919799389342
2011-06-24,16021.710000000001,22556.81,32307.77,30192.13,21033.96285714286,27950.309999999998,3182.8039582723536
2011-06-26,7082.49,16021.710000000001,19059.23,42910.38,19323.0,25391.174999999996,6205.289597830005
2011-06-27,13412.2,7082.49,22442.18,58245.12,18033.00285714286,22188.82357142857,6384.791021445254
2011-06-28,30532.37,13412.2,26136.73,12472.210000000001,18660.95142857143,23478.835,7443.082782386048
2011-06-29,12570.630000000001,30532.37,19850.66,19719.11,17620.947142857145,22968.229285714282,7751.367987340125
2011-06-30,41743.04,12570.630000000001,21170.420000000002,33334.47,20559.89285714286,23568.84142857143,12036.867165195474
2011-07-01,12189.29,41743.04,22556.81,45077.54,19078.818571428572,21219.680714285718,12383.061507245218
2011-07-03,6032.39,12189.29,16021.710000000001,32307.77,17651.772857142856,19342.867857142857,13333.225685673164
2011-07-04,30985.170000000002,6032.39,7082.49,19059.23,21066.441428571427,20194.720714285715,13235.680641083454
2011-07-05,25992.260000000002,30985.170000000002,13412.2,22442.18,22863.59285714286,20448.297857142858,12872.24052077288
2011-07-06,22960.48,25992.260000000002,30532.37,26136.73,21781.894285714287,20221.422857142858,12430.984124379112
2011-07-07,27893.66,22960.48,12570.630000000001,19850.66,23970.898571428574,20795.92285714286,11875.326731423054
2011-07-08,17558.3,27893.66,41743.04,21170.420000000002,20515.93571428571,20537.914285714283,9017.162718392392
2011-07-10,5993.87,17558.3,12189.29,22556.81,19630.875714285714,19354.847142857143,10197.461990395737
2011-07-11,20080.03,5993.87,6032.39,16021.710000000001,21637.681428571428,19644.727142857144,8276.688426940527
2011-07-12,17948.19,20080.03,30985.170000000002,7082.49,19775.255714285715,20420.84857142857,7222.393711226616
2011-07-13,19432.85,17948.19,25992.260000000002,13412.2,18838.197142857145,20850.894999999997,6687.019434949659
2011-07-14,32020.91,19432.85,22960.48,30532.37,20132.544285714284,20957.219285714287,8300.208171851216
2011-07-15,11857.300000000001,32020.91,27893.66,12570.630000000001,17841.635714285712,20906.26714285714,8009.032925969651
2011-07-17,16958.6,11857.300000000001,17558.3,41743.04,17755.964285714283,19135.95,8015.773473238001
2011-07-18,22018.36,16958.6,5993.87,12189.29,20045.17714285714,19838.02642857143,6173.24108481606
2011-07-19,46599.08,22018.36,20080.03,6032.39,23833.612857142853,22735.647142857142,11784.850862042924
2011-07-20,27076.97,46599.08,17948.19,30985.170000000002,25137.72428571429,22456.489999999998,11527.304368797522
2011-07-21,30394.71,27076.97,19432.85,25992.260000000002,26703.704285714288,22770.950714285715,11366.593822300722
2011-07-22,14633.77,30394.71,32020.91,22960.48,24219.827142857142,22176.185714285715,11898.318145538908
2011-07-24,26796.920000000002,14633.77,11857.300000000001,27893.66,26354.058571428573,22097.847142857143,10577.842973690367
2011-07-25,19687.31,26796.920000000002,16958.6,17558.3,26743.874285714286,22249.919285714284,10218.054059407052
2011-07-26,17293.001,19687.31,22018.36,5993.87,26068.823,23057.00007142857,10725.75120520327
2011-07-27,22855.32,17293.001,46599.08,20080.03,22676.857285714283,23255.235071428575,5752.500364946396
2011-07-28,54198.37,22855.32,27076.97,17948.19,26551.343,25844.533642857143,13339.857931148019
2011-07-29,17240.61,54198.37,30394.71,19432.85,24672.185857142857,25687.94507142857,13631.523000426992
2011-07-31,33393.29,17240.61,14633.77,32020.91,27352.117285714285,25785.972214285717,13165.131681729881
2011-08-01,19808.4,33393.29,26796.920000000002,11857.300000000001,26353.757285714288,26353.90792857143,13475.573709600443
2011-08-02,20277.05,19808.4,19687.31,16958.6,26438.005857142856,26590.940071428573,13428.711082898582
2011-08-03,26617.77,20277.05,17293.001,22018.36,27770.115714285716,26919.469357142858,12819.004594073003
2011-08-04,62079.61,26617.77,22855.32,46599.08,33373.58571428571,28025.221500000003,17884.60847413768
2011-08-05,19825.4,62079.61,54198.37,27076.97,28463.161428571428,27507.252214285716,15812.711925227028
2011-08-07,7576.96,19825.4,17240.61,30394.71,27082.640000000003,25877.41292857143,17307.02181305812
2011-08-08,19758.62,7576.96,33393.29,14633.77,25134.829999999998,26243.47364285714,17245.565822317047
2011-08-09,25957.12,19758.62,19808.4,26796.920000000002,26013.21857142857,26183.48792857143,17084.893825216397
2011-08-10,19861.56,25957.12,20277.05,19687.31,25953.86285714286,26195.934357142858,17108.848557142206
2011-08-11,54386.17,19861.56,26617.77,17293.001,29920.777142857143,28845.446428571428,20224.064246285736
2011-08-12,17970.170000000002,54386.17,62079.61,22855.32,23619.428571428572,28496.507142857146,14633.03438255435
2011-08-14,5718.57,17970.170000000002,19825.4,54198.37,21604.167142857146,25033.664285714283,16136.766021837448
2011-08-15,17243.97,5718.57,7576.96,17240.61,22985.16857142857,25033.90428571429,15117.704467153222
2011-08-16,16077.84,17243.97,19758.62,33393.29,22459.342857142856,23797.086428571427,15311.406715661175
2011-08-17,48769.64,16077.84,25957.12,19808.4,25718.274285714284,25865.74642857143,18313.419060376604
2011-08-18,54082.81,48769.64,19861.56,20277.05,30607.024285714284,28280.44357142857,20877.557943921453
2011-08-19,17339.59,54082.81,54386.17,26617.77,25314.655714285716,27617.71642857143,18392.695289907853
2011-08-21,14566.84,17339.59,17970.170000000002,62079.61,24828.465714285714,24223.947142857145,18662.20265390535
2011-08-22,29623.18,14566.84,5718.57,19825.4,28243.41,24923.788571428573,16662.508349193293
2011-08-23,22399.11,29623.18,17243.97,7576.96,28979.858571428573,25982.51357142857,16202.91523980331
2011-08-24,38617.01,22399.11,16077.84,19758.62,32199.739999999998,27329.54142857143,15432.897347067907
2011-08-25,22495.29,38617.01,48769.64,25957.12,28446.261428571426,27082.26785714286,13844.616747073589
2011-08-26,24111.64,22495.29,54082.81,19861.56,24164.66571428572,27385.845,7992.416869443521
2011-08-28,10805.03,24111.64,17339.59,54386.17,23231.157142857144,24272.90642857143,9211.139131797294
2011-08-30,8833.710000000001,10805.03,14566.84,17970.170000000002,22412.13857142857,23620.30214285714,10300.413077225818
2011-08-31,20540.84,8833.710000000001,29623.18,5718.57,21114.661428571428,24679.035714285714,9800.591552504275
2011-09-01,37370.15,20540.84,22399.11,17243.97,23253.38142857143,26116.62,11596.564193533843
2011-09-02,30297.05,37370.15,38617.01,16077.84,22064.815714285713,27132.277857142853,10087.658891202937
2011-09-04,17005.03,30297.05,22495.29,48769.64,21280.492857142854,24863.377142857145,10260.564948592953
2011-09-05,35698.7,17005.03,24111.64,54082.81,22935.787142857145,23550.22642857143,11635.896092475823
2011-09-06,25495.82,35698.7,10805.03,17339.59,25034.471428571425,24132.814285714285,10335.469965949831
2011-09-07,21967.420000000002,25495.82,8833.710000000001,14566.84,26910.715714285714,24661.427142857145,7780.656803515907
2011-09-08,23188.3,21967.420000000002,20540.84,29623.18,27288.92428571428,24201.79285714286,7477.8728240343635
2011-09-09,25142.15,23188.3,37370.15,22399.11,25542.06714285714,24397.72428571429,6015.65250856966
2011-09-11,35511.67,25142.15,30297.05,38617.01,26287.012857142858,24175.914285714283,6952.541033799106
2011-09-12,27989.4,35511.67,17005.03,22495.29,27856.20857142857,24568.350714285712,5620.39813025886
2011-09-13,48162.25,27989.4,35698.7,24111.64,29636.715714285714,26286.251428571424,9293.119836264068
2011-09-14,22027.95,48162.25,25495.82,10805.03,29141.305714285718,27087.88857142857,9636.741657571025
2011-09-15,71993.67,22027.95,21967.420000000002,8833.710000000001,36287.91285714286,31599.31428571429,18186.73175560576
2011-09-16,23248.98,71993.67,23188.3,20540.84,36296.58142857143,31792.75285714286,18179.460290573796
2011-09-18,15745.73,23248.98,25142.15,37370.15,34954.235714285714,30248.15142857143,19443.33462726659
2011-09-19,46607.22,15745.73,35511.67,30297.05,36539.31428571429,31413.163571428573,19942.223044770206
2011-09-20,103435.81,46607.22,27989.4,17005.03,47317.37285714286,37586.79071428571,31556.900561732786
2011-09-21,38503.06,103435.81,48162.25,35698.7,45937.48857142858,37787.10214285715,31724.53721133924
2011-09-22,57869.36,38503.06,22027.95,25495.82,51057.69,40099.49785714286,30071.763749535323
2011-09-23,31781.100000000002,57869.36,71993.67,21967.420000000002,45313.037142857145,40800.475,29235.053897593974
2011-09-25,31372.661,31781.100000000002,23248.98,23188.3,46473.563,41385.07221428572,28361.39978302887
2011-09-26,29329.841,31372.661,15745.73,25142.15,48414.15028571429,41684.19300000001,26298.163167668205
2011-09-27,29274.36,29329.841,46607.22,35511.67,45938.02742857143,41238.67085714285,27293.79844170295
2011-09-28,39057.89,29274.36,103435.81,27989.4,36741.18171428571,42029.277285714285,10156.903178101522
2011-09-29,44729.37,39057.89,38503.06,48162.25,37630.65457142857,41784.07157142857,10599.881259281214
2011-09-30,40033.44,44729.37,57869.36,22027.95,35082.666000000005,43070.178,6121.919039205525
2011-10-02,11582.95,40033.44,31781.100000000002,71993.67,32197.216000000004,38755.12657142857,10862.189147422698
2011-10-03,62275.95,11582.95,31372.661,23248.98,36611.97157142857,41542.76728571428,15681.95778196946
2011-10-04,38690.2,62275.95,29329.841,15745.73,37949.16571428572,43181.658,15353.152715131953
2011-10-05,74108.43000000001,38690.2,29274.36,46607.22,44354.032857142854,45146.03014285715,19830.11038566078
2011-10-06,60387.8,74108.43000000001,39057.89,103435.81,47401.16285714286,42071.17228571429,20507.873359658515
2011-10-07,49187.67,60387.8,44729.37,38503.06,48038.06285714286,42834.358714285714,20480.27855378904
2011-10-09,12466.81,49187.67,40033.44,57869.36,44099.97285714286,39591.319428571434,24526.621695108326
2011-10-10,43080.32,12466.81,11582.95,31781.100000000002,48599.59714285715,40398.406571428575,20046.976563889242
2011-10-11,46436.77,43080.32,62275.95,31372.661,46336.857142857145,41474.414357142865,19118.415484127465
2011-10-12,27731.37,46436.77,38690.2,29329.841,44771.31,41360.23785714286,20263.34574673116
2011-10-13,33039.18,27731.37,74108.43000000001,29274.36,38904.274285714295,41629.15357142857,15809.493946375926
2011-10-14,32124.68,33039.18,60387.8,39057.89,34866.68571428571,41133.92428571429,12714.47183527879
2011-10-16,22010.96,32124.68,49187.67,44729.37,30984.298571428575,39511.180714285714,11723.305474855793
2011-10-17,47005.24,22010.96,12466.81,40033.44,35918.36,40009.16642857143,9729.455222322002
2011-10-18,37302.4,47005.24,43080.32,11582.95,35092.94285714286,41846.270000000004,9254.066628613937
2011-10-19,37333.52,37302.4,46436.77,62275.95,33792.478571428575,40064.66785714286,7940.673934225196
2011-10-20,61064.06,37333.52,27731.37,38690.2,38554.29142857143,41662.80071428571,12427.147030282113
2011-10-21,60417.26,61064.06,33039.18,74108.43000000001,42465.44571428571,40684.86,14532.130754713731
2011-10-23,12339.16,60417.26,32124.68,60387.8,39638.94285714285,37252.81428571428,18311.357005073627
2011-10-24,39315.28,12339.16,22010.96,49187.67,42110.98857142857,36547.64357142857,16625.365560603947
2011-10-25,36235.95,39315.28,47005.24,12466.81,40572.51857142857,38245.43928571429,16595.234414964314
2011-10-26,34435.32,36235.95,37302.4,43080.32,40162.93571428571,37627.93928571429,16724.274053709985
2011-10-27,55837.14,34435.32,37333.52,46436.77,42806.31,38299.39428571429,17639.78055960924
2011-10-28,37290.57,55837.14,61064.06,27731.37,39410.09714285714,38982.194285714286,15723.174347837408
2011-10-30,34571.23,37290.57,60417.26,33039.18,35717.80714285714,39091.62642857143,12714.768153909035
2011-10-31,33048.57,34571.23,12339.16,32124.68,38676.294285714284,39157.61857142857,7845.244172101793
2011-11-01,29132.81,33048.57,39315.28,22010.96,37221.65571428571,39666.32214285714,8613.411177475738
2011-11-02,38734.7,29132.81,36235.95,47005.24,37578.62,39075.569285714286,8617.528990571216
2011-11-03,60672.11,38734.7,34435.32,37302.4,41326.73285714286,40744.83428571428,12046.170421763038
2011-11-04,56099.24,60672.11,55837.14,37333.52,41364.17571428571,42085.24285714286,12099.081019113122
2011-11-06,42941.340000000004,56099.24,37290.57,61064.06,42171.42857142857,40790.76285714286,11969.810305399538
2011-11-07,28779.24,42941.340000000004,34571.23,60417.26,41344.00142857143,38530.904285714285,12757.04641334803
2011-11-08,38295.12,28779.24,33048.57,12339.16,42093.508571428574,40384.90142857143,12335.602727018071
2011-11-09,61489.18,38295.12,29132.81,39315.28,46715.84714285714,41968.75142857143,12725.648860052588
2011-11-10,70513.29,61489.18,38734.7,36235.95,51255.64571428572,44417.13285714285,14888.49674970115
2011-11-11,37081.37,70513.29,60672.11,34435.32,47885.54,44606.13642857142,15070.617204223377
2011-11-13,28607.78,37081.37,56099.24,55837.14,43958.188571428575,42661.18214285715,16119.03406804355
2011-11-14,58777.71,28607.78,42941.340000000004,37290.57,46220.52714285714,44195.977857142854,17037.686459692555
2011-11-15,47729.0,58777.71,28779.24,34571.23,48927.635714285716,45135.81857142857,15212.245587198122
2011-11-16,48439.76,47729.0,38295.12,33048.57,50376.87,46235.18928571428,14496.897179656524
2011-11-17,55885.3,48439.76,61489.18,29132.81,49576.315714285716,48146.08142857143,13924.398996027152
2011-11-18,36751.25,55885.3,70513.29,38734.7,44753.16714285715,48004.406428571434,11004.691482453809
2011-11-20,30190.920000000002,36751.25,37081.37,60672.11,43768.81714285714,45827.17857142858,12062.610025300975
2011-11-21,45333.13,30190.920000000002,28607.78,56099.24,46158.15285714286,45058.170714285705,10047.113309420001
2011-11-22,49664.89,45333.13,58777.71,42941.340000000004,44856.32142857143,45538.42428571428,8629.866188053858
2011-11-23,71979.93,49664.89,47729.0,28779.24,48320.74,48624.18785714286,13480.047168792362
2011-11-24,38579.11,71979.93,48439.76,38295.12,46912.07571428571,48644.47285714286,13971.786296227925
2011-11-25,26674.66,38579.11,55885.3,61489.18,42739.127142857134,46157.72142857143,15156.981978048656
2011-11-27,17300.96,26674.66,36751.25,70513.29,39960.514285714286,42356.84071428572,17961.094366891
2011-11-28,51831.67,17300.96,30190.920000000002,37081.37,43052.049999999996,43410.43357142858,17861.41875250772
2011-11-29,48851.68,51831.67,45333.13,28607.78,43554.7,44856.42642857142,17985.38972855285
2011-11-30,41481.23,48851.68,49664.89,58777.71,42385.60571428571,43620.96357142857,17786.89989847481
2011-12-01,44533.99,41481.23,71979.93,47729.0,38464.75714285714,43392.74857142857,12378.900048474652
2011-12-02,44713.69,44533.99,38579.11,48439.76,39341.125714285714,43126.60071428572,12603.458061361454
2011-12-04,20375.96,44713.69,26674.66,55885.3,38441.311428571425,40590.21928571428,13824.21442773933
2011-12-05,58202.21,20375.96,17300.96,36751.25,44284.34714285714,42122.430714285714,11911.091585734624
2011-12-06,46144.04,58202.21,51831.67,30190.920000000002,43471.82857142858,43261.93928571428,11497.24377690216
2011-12-07,69354.21,46144.04,48851.68,45333.13,46400.76142857143,44977.730714285724,15132.87822393177
2011-12-08,50519.41,69354.21,41481.23,49664.89,47691.93,45038.767857142855,15028.393586039077
2011-12-09,184367.28,50519.41,44533.99,71979.93,67668.1142857143,53066.43571428571,53590.98000118203
